﻿Designator,Quantity,Value,Footprint,Package,MPN,DNP,Mount_Type,Description
"C21, C22",2,1uF,C_0603_1608Metric,,,,smt,Unpolarized capacitor
"C23, C24, C25, C26, C27, C28, C29, C33, C34",9,10uF,C_0603_1608Metric,,,,smt,Unpolarized capacitor
C30,1,100nF,C_0201_0603Metric,,,,smt,Unpolarized capacitor
C31,1,2.2uF,C_0603_1608Metric,,,,smt,Unpolarized capacitor
"J1, J2, J3, J4",4,Conn_01x08_Pin,PinHeader_1x08_P2.54mm_Vertical,,,,tht,"Generic connector, single row, 01x08, script generated"
"L6, L7",2,2.2uH,INDC2016X100N,,,,smt,Inductor
R2,1,500k,R_0201_0603Metric,,,,smt,Resistor
R3,1,47k,R_0201_0603Metric,,,,smt,Resistor
U2,1,NPM1300-QEAA-R7,QFN32_5X5_NOR,,,,smt,
