﻿pos_x,pos_y,rotation,side,designator,mpn,pack,footprint,value,mount_type
61.6,-57.5757,-90.0,top,C21,,,C_0603_1608Metric,1uF,smt
59.05,-57.5507,-90.0,top,C22,,,C_0603_1608Metric,1uF,smt
62.31,-47.16,90.0,top,C23,,,C_0603_1608Metric,10uF,smt
54.9,-43.8507,-90.0,top,C24,,,C_0603_1608Metric,10uF,smt
60.1,-46.4,0.0,top,C25,,,C_0603_1608Metric,10uF,smt
57.0,-46.4,180.0,top,C26,,,C_0603_1608Metric,10uF,smt
57.55,-57.5507,-90.0,top,C27,,,C_0603_1608Metric,10uF,smt
64.55,-53.6,0.0,top,C28,,,C_0603_1608Metric,10uF,smt
64.55,-52.125,0.0,top,C29,,,C_0603_1608Metric,10uF,smt
54.2,-50.6257,180.0,top,C30,,,C_0201_0603Metric,100nF,smt
55.1,-57.2,-90.0,top,C31,,,C_0603_1608Metric,2.2uF,smt
64.55,-49.175,0.0,top,C33,,,C_0603_1608Metric,10uF,smt
64.55,-50.65,0.0,top,C34,,,C_0603_1608Metric,10uF,smt
47.5,-41.88,0.0,top,J1,,,PinHeader_1x08_P2.54mm_Vertical,Conn_01x08_Pin,tht
68.12,-37.5,-90.0,top,J2,,,PinHeader_1x08_P2.54mm_Vertical,Conn_01x08_Pin,tht
50.38,-64.0,90.0,top,J3,,,PinHeader_1x08_P2.54mm_Vertical,Conn_01x08_Pin,tht
71.0,-59.5,180.0,top,J4,,,PinHeader_1x08_P2.54mm_Vertical,Conn_01x08_Pin,tht
60.5,-44.5007,180.0,top,L6,,,INDC2016X100N,2.2uH,smt
57.0,-43.9507,-90.0,top,L7,,,INDC2016X100N,2.2uH,smt
54.18,-53.2257,0.0,top,R2,,,R_0201_0603Metric,500k,smt
54.175,-53.9257,180.0,top,R3,,,R_0201_0603Metric,47k,smt
58.3,-51.2,-90.0,top,U2,,,QFN32_5X5_NOR,NPM1300-QEAA-R7,smt
